h3_id,served_users,median_SE_bps_hz,median_SINR_dB
852b9bd7fffffff,1084562,5.073,23.48
852b9bc3fffffff,1022002,5.098,23.59
852b9bcffffffff,703955,5.01,23.18
852b9bcbfffffff,615661,4.586,21.21
852b9bc7fffffff,583265,4.945,22.88
852b9bd3fffffff,415325,4.631,21.42
852b9b7bfffffff,381375,4.334,20.03
852b83a3fffffff,381015,4.021,18.56
852b9b53fffffff,354016,4.125,19.05
852b9b57fffffff,327944,4.201,19.41
852ab463fffffff,318097,4.26,19.68
852b9867fffffff,297018,4.535,20.97
852ab48ffffffff,240910,4.651,21.51
852b83b3fffffff,224444,4.334,20.03
852b9b9bfffffff,215706,3.889,17.94
852b9b47fffffff,204999,4.077,18.82
852ab487fffffff,197867,4.077,18.82
852b9bdbfffffff,165936,4.289,19.82
852b814ffffffff,154716,4.672,21.61
852b9aa7fffffff,151729,3.929,18.13
852b986ffffffff,151600,3.924,18.11
852ab497fffffff,148440,3.947,18.21
852b9a87fffffff,141535,4.062,18.76
852b982bfffffff,131313,4.206,19.43
852b83b7fffffff,129562,4.457,20.6
852ab21bfffffff,126130,4.413,20.4
852ab2c7fffffff,123337,4.797,22.19
852ab4a3fffffff,119120,4.343,20.07
852b9b43fffffff,114646,4.576,21.16
852b9b3bfffffff,104447,4.139,19.12
852ab483fffffff,100633,4.528,20.93
852b9b33fffffff,97226,4.424,20.45
852b93cbfffffff,92034,4.096,18.91
852b9b07fffffff,84313,4.058,18.74
852b9b4ffffffff,82611,4.286,19.8
852b9daffffffff,82512,3.947,18.21
852b9b73fffffff,80016,4.205,19.42
852b98abfffffff,77866,4.003,18.48
852ab213fffffff,66818,4.199,19.4
852b9a27fffffff,65267,4.353,20.12
852ab473fffffff,64174,4.415,20.41
852b9ab3fffffff,56751,4.337,20.05
852ab60ffffffff,55358,4.25,19.64
852b9ab7fffffff,53543,4.427,20.46
852770cffffffff,53340,4.111,18.99
852b9d77fffffff,50508,4.049,18.7
852ab467fffffff,50145,4.605,21.29
852ab407fffffff,49580,4.136,19.1
852763a3fffffff,49388,4.183,19.32
852ab05bfffffff,48036,3.975,18.34
852b83a7fffffff,47712,4.269,19.72
852ab47bfffffff,46976,3.909,18.04
852b985bfffffff,44709,4.497,20.79
852b83abfffffff,43643,4.163,19.23
852b9d63fffffff,43561,4.283,19.79
852770c3fffffff,43196,4.174,19.28
852b986bfffffff,42664,4.667,21.58
852b9b23fffffff,40749,4.389,20.29
852b9a23fffffff,39468,4.301,19.87
852b9803fffffff,38514,4.118,19.02
852b9aa3fffffff,38113,3.998,18.46
852b9da7fffffff,37741,3.998,18.45
852ab41bfffffff,36550,4.276,19.76
852b8333fffffff,31110,4.394,20.31
852b9aabfffffff,31078,4.454,20.59
852ab2abfffffff,29693,4.411,20.39
852b9e67fffffff,28904,4.357,20.13
852b83affffffff,28888,4.644,21.48
852b9ac7fffffff,28475,4.498,20.79
852b8e1bfffffff,28015,4.477,20.7
852ab5dbfffffff,27667,4.144,19.14
852ab493fffffff,27604,4.268,19.72
852b9837fffffff,27551,4.56,21.08
852b9da3fffffff,26860,4.557,21.07
85276d27fffffff,26701,4.221,19.5
852b9b93fffffff,26150,3.91,18.04
852b98bbfffffff,26128,4.553,21.05
852b93dbfffffff,26125,4.677,21.63
852b9a8bfffffff,26112,4.52,20.9
852ab4b7fffffff,25421,4.467,20.65
852b9e33fffffff,25352,4.196,19.38
852b9abbfffffff,25094,4.449,20.57
852b812ffffffff,24873,3.937,18.17
852b9b5bfffffff,24640,4.894,22.64
852ab607fffffff,24199,4.637,21.45
852ab423fffffff,23076,4.539,20.99
852b9aaffffffff,22262,5.111,23.65
852b9b0ffffffff,21142,4.436,20.51
852b9a37fffffff,20921,4.887,22.61
852b817bfffffff,20700,4.616,21.35
852b9b2bfffffff,20283,4.437,20.51
852b9143fffffff,20187,4.598,21.26
852b9b27fffffff,19558,4.782,22.12
852b8327fffffff,19431,4.844,22.41
852b8147fffffff,19248,4.425,20.46
852b9157fffffff,19058,4.244,19.61
852b99dbfffffff,18539,4.516,20.88
852b8123fffffff,18314,4.522,20.91
852b9b2ffffffff,17984,4.475,20.69
852ab20bfffffff,17963,4.511,20.86
852ab28ffffffff,17929,4.703,21.75
852b9863fffffff,17919,4.672,21.61
852ab4b3fffffff,17722,4.982,23.05
852b93c3fffffff,17510,4.157,19.2
852b96cbfffffff,16713,4.375,20.22
852b8227fffffff,16653,4.399,20.33
852b96c3fffffff,16302,4.184,19.33
852b9877fffffff,16207,4.422,20.44
852ab413fffffff,16061,4.286,19.8
852b9147fffffff,15957,4.873,22.55
852b9ebbfffffff,15731,4.513,20.87
852ab4bbfffffff,15561,5.244,24.27
852b9d07fffffff,15275,4.686,21.67
852b8303fffffff,15083,4.485,20.73
852763affffffff,14775,3.633,16.73
852ab46bfffffff,14508,4.944,22.87
852b8113fffffff,14377,4.638,21.45
852b812bfffffff,14238,4.773,22.08
852b984ffffffff,13957,5.119,23.69
852770cbfffffff,13866,4.93,22.81
852b9b77fffffff,13608,4.831,22.35
852b9823fffffff,13326,4.626,21.39
852ab6a7fffffff,13164,4.487,20.75
852b9b67fffffff,13118,4.865,22.51
852ab40ffffffff,12979,4.643,21.47
852b9d2bfffffff,12881,4.595,21.25
852ab48bfffffff,12740,5.325,24.65
852b822bfffffff,12291,4.744,21.94
852b9b4bfffffff,12146,5.416,25.07
852b9a07fffffff,12105,4.649,21.5
852b832ffffffff,11877,4.651,21.51
852ab5c3fffffff,11861,4.939,22.85
852b98b7fffffff,11690,5.102,23.61
852b9b6bfffffff,11633,4.757,22.0
852b9a4ffffffff,11574,4.201,19.41
852ab4d3fffffff,11492,4.518,20.89
852ab477fffffff,11433,5.352,24.77
852ab217fffffff,11197,5.064,23.43
852b99d3fffffff,11065,4.535,20.97
852b9b37fffffff,10882,4.963,22.96
852b9813fffffff,10870,5.146,23.82
85276917fffffff,10788,4.823,22.31
85276ccbfffffff,10707,4.933,22.82
852ab49bfffffff,10420,4.494,20.77
852b9237fffffff,10224,4.623,21.38
852b8ed3fffffff,10187,4.844,22.41
852b9e57fffffff,10159,5.603,25.94
852ab207fffffff,9973,4.949,22.9
85276983fffffff,9807,4.626,21.39
85276927fffffff,9766,4.55,21.04
852b830bfffffff,9653,4.628,21.4
852b9a93fffffff,9577,4.844,22.41
852ab62ffffffff,9346,4.461,20.62
852ab437fffffff,9284,4.777,22.1
852b8e7bfffffff,9184,4.785,22.14
852ab203fffffff,9182,5.111,23.65
852b9a13fffffff,9042,4.584,21.19
852ab43bfffffff,9036,4.787,22.14
85276923fffffff,9001,4.225,19.52
852763a7fffffff,8981,5.326,24.65
852b9a3bfffffff,8975,4.286,19.8
852b9acbfffffff,8740,4.473,20.68
85270167fffffff,8533,4.646,21.49
852ab5d3fffffff,8492,5.019,23.22
852b9817fffffff,8434,5.715,26.46
852ab093fffffff,8393,4.551,21.04
852ab633fffffff,8157,4.721,21.84
852b816bfffffff,8153,5.282,24.45
852ab40bfffffff,8064,4.711,21.79
852b9dbbfffffff,8041,5.224,24.18
852b984bfffffff,7883,6.059,28.05
852b987bfffffff,7813,5.03,23.27
852b944ffffffff,7759,4.247,19.62
850ecbdbfffffff,7681,4.884,22.59
852b8ec7fffffff,7661,4.694,21.71
852769b3fffffff,7601,4.943,22.87
852ab043fffffff,7416,4.771,22.07
852ab443fffffff,7410,4.762,22.03
852b822ffffffff,7324,5.007,23.17
852b9a83fffffff,6908,5.787,26.79
852b9847fffffff,6844,5.578,25.82
852b9a6ffffffff,6739,5.152,23.84
852b914bfffffff,6678,3.695,17.03
852ab6bbfffffff,6620,5.573,25.8
852ab4cffffffff,6599,4.924,22.78
852ab433fffffff,6554,5.156,23.86
852b9d6ffffffff,6554,5.559,25.73
852ab6b7fffffff,6519,5.145,23.81
852b9a9bfffffff,6466,5.625,26.04
852b816ffffffff,6427,5.258,24.33
852b9353fffffff,6213,5.681,26.3
852ab287fffffff,6157,4.988,23.08
852b9a63fffffff,6155,4.918,22.75
852b9e2ffffffff,6118,4.871,22.54
852ab04bfffffff,6082,4.734,21.9
852ab417fffffff,5935,5.461,25.28
852ab42bfffffff,5930,5.544,25.67
852b9a33fffffff,5901,5.391,24.95
852ab4abfffffff,5781,5.567,25.77
852b9e27fffffff,5778,5.349,24.76
852ab09bfffffff,5721,5.383,24.92
852b8e8bfffffff,5611,5.435,25.16
85270c9bfffffff,5570,5.035,23.3
852b9a97fffffff,5498,5.73,26.53
852b8107fffffff,5450,4.694,21.71
852b9a2bfffffff,5418,5.439,25.18
852b8163fffffff,5314,5.255,24.32
852b8173fffffff,5223,5.079,23.5
852ab5cbfffffff,5145,6.295,29.15
852b8277fffffff,5144,5.47,25.32
852ab2bbfffffff,5105,5.434,25.15
852ab293fffffff,5046,4.436,20.51
85276c83fffffff,5029,4.777,22.09
852b8e9bfffffff,5013,5.126,23.72
85270177fffffff,4844,4.329,20.01
852b9d7bfffffff,4832,4.678,21.63
8527088bfffffff,4824,4.58,21.18
852b9dabfffffff,4816,5.682,26.31
852b9d33fffffff,4804,5.393,24.96
85276993fffffff,4792,5.643,26.13
852b98d3fffffff,4674,5.511,25.51
852769affffffff,4633,5.277,24.42
852b9a6bfffffff,4556,5.185,24.0
85272bcbfffffff,4533,4.977,23.03
852b9c63fffffff,4503,5.526,25.58
852b9d57fffffff,4453,4.234,19.56
852b8e57fffffff,4399,6.07,28.11
852b9833fffffff,4390,5.557,25.72
852b909bfffffff,4304,4.153,19.18
852b9873fffffff,4288,6.086,28.18
852b9a57fffffff,4269,4.946,22.88
852b910bfffffff,4222,6.811,31.54
852b8353fffffff,4190,5.65,26.16
852b9a2ffffffff,4187,5.987,27.72
852ab447fffffff,4176,5.223,24.17
850ec94ffffffff,4151,5.48,25.37
852ab42ffffffff,4147,5.793,26.82
852b9d0bfffffff,4115,5.673,26.26
852b988ffffffff,4021,6.601,30.57
852b8143fffffff,4015,4.402,20.35
852b9b6ffffffff,3956,5.483,25.38
852ab4affffffff,3949,5.93,27.45
85276d2bfffffff,3905,5.259,24.34
852b9d4ffffffff,3849,5.192,24.03
852b810ffffffff,3845,5.955,27.57
852b9a0bfffffff,3799,5.08,23.51
852ab053fffffff,3794,5.522,25.56
852769b7fffffff,3784,5.906,27.35
852b9a67fffffff,3776,5.558,25.73
852b9807fffffff,3670,6.017,27.86
852b9d67fffffff,3641,5.758,26.66
852ab0dbfffffff,3531,5.644,26.13
852b9a8ffffffff,3523,5.022,23.24
852ab4c7fffffff,3505,5.58,25.83
852ab6abfffffff,3473,5.98,27.69
852b981bfffffff,3440,5.258,24.33
852b811bfffffff,3390,5.436,25.16
852b9a4bfffffff,3382,5.739,26.57
852b9c3bfffffff,3360,6.345,29.38
852b8ecbfffffff,3336,5.724,26.5
852b9d3bfffffff,3333,6.098,28.23
852ab46ffffffff,3299,6.206,28.73
850ec963fffffff,3296,5.585,25.85
852b96dbfffffff,3295,3.403,15.64
852b9b63fffffff,3211,5.489,25.41
852708c7fffffff,3186,4.701,21.74
852b8117fffffff,3168,5.104,23.62
852b98b3fffffff,3106,5.825,26.97
852b9223fffffff,3106,5.477,25.35
852b9babfffffff,3059,5.143,23.8
852b8e93fffffff,3005,5.271,24.4
85270c8bfffffff,3001,4.784,22.13
852b8343fffffff,2876,5.974,27.66
852b980ffffffff,2838,5.983,27.7
852ab0d7fffffff,2825,5.468,25.31
852b916ffffffff,2792,6.388,29.58
852b9843fffffff,2792,6.056,28.04
852b9c33fffffff,2784,5.876,27.2
852ab44bfffffff,2780,5.41,25.04
852b9a17fffffff,2774,6.142,28.44
852b9d43fffffff,2764,5.698,26.38
85276d23fffffff,2750,5.609,25.96
852b9857fffffff,2737,6.463,29.93
85276c5bfffffff,2722,5.355,24.79
852b9397fffffff,2713,5.538,25.63
852b9c8ffffffff,2637,5.7,26.39
852b908bfffffff,2623,6.103,28.26
852b983bfffffff,2576,6.138,28.42
852b9e6ffffffff,2509,5.865,27.15
852ab6affffffff,2507,5.362,24.82
852b9a5bfffffff,2467,5.33,24.67
852b980bfffffff,2461,6.367,29.48
852b9d73fffffff,2451,5.726,26.51
852b8ec3fffffff,2449,6.174,28.59
852ab45bfffffff,2435,5.628,26.05
85276caffffffff,2409,5.397,24.98
852b9173fffffff,2406,5.474,25.34
85277053fffffff,2333,6.651,30.8
852ab0c3fffffff,2314,5.741,26.58
852ab44ffffffff,2290,5.713,26.45
852b810bfffffff,2277,6.445,29.84
852b9e8ffffffff,2225,5.852,27.09
852b9ac3fffffff,2200,5.496,25.44
852b8edbfffffff,2182,5.522,25.56
85276d2ffffffff,2161,5.666,26.23
852b9853fffffff,2158,5.779,26.75
852b9e07fffffff,2155,6.013,27.84
852769abfffffff,2131,5.571,25.79
8527665bfffffff,2098,5.597,25.91
852ab6b3fffffff,2095,5.794,26.82
852b8137fffffff,2079,7.074,32.76
852b832bfffffff,2063,4.869,22.53
852b9a47fffffff,2053,4.802,22.21
852ab63bfffffff,2040,5.836,27.02
852769a7fffffff,2039,6.186,28.64
852b8e0bfffffff,2016,6.115,28.31
852ab553fffffff,1958,5.917,27.39
852b9a7bfffffff,1949,5.278,24.43
852b9117fffffff,1860,5.602,25.93
852b8133fffffff,1837,6.33,29.31
850ecc13fffffff,1833,5.633,26.08
852b9d6bfffffff,1830,6.077,28.14
852b9083fffffff,1771,5.468,25.31
8527692ffffffff,1754,5.564,25.76
852769a3fffffff,1722,5.967,27.63
852766dbfffffff,1718,5.089,23.55
852b946bfffffff,1713,5.714,26.45
8527053bfffffff,1679,5.809,26.89
852b93cffffffff,1671,5.724,26.5
852760cffffffff,1666,10.967,50.79
852b8223fffffff,1640,4.802,22.22
85276c8bfffffff,1613,5.464,25.29
85270d13fffffff,1588,5.462,25.28
852b98a3fffffff,1575,6.036,27.95
85276c17fffffff,1558,5.756,26.65
852b8177fffffff,1517,5.892,27.28
850eca73fffffff,1469,4.618,21.35
852b9a0ffffffff,1439,4.478,20.7
85276ed3fffffff,1429,5.88,27.22
852b8e4ffffffff,1416,5.781,26.76
852ab627fffffff,1359,6.23,28.85
852b98c7fffffff,1317,5.813,26.91
852b8e47fffffff,1314,6.891,31.91
852b9e3bfffffff,1302,5.892,27.28
852b8157fffffff,1261,7.183,33.26
852b9c87fffffff,1237,5.693,26.36
850edb8bfffffff,1236,5.632,26.07
852b9e2bfffffff,1213,7.923,36.69
852ab20ffffffff,1211,6.552,30.34
852ab4dbfffffff,1202,6.215,28.78
852ab403fffffff,1200,5.439,25.18
8527698ffffffff,1196,5.777,26.75
852b9d83fffffff,1160,5.908,27.36
85277627fffffff,1153,5.808,26.89
850eca47fffffff,1143,10.043,46.51
85276d0ffffffff,1142,5.888,27.26
852b9383fffffff,1139,5.896,27.3
852b98affffffff,1130,6.071,28.11
85276937fffffff,1116,5.648,26.14
852ab427fffffff,1106,6.367,29.48
8527654ffffffff,1102,5.928,27.45
852b8373fffffff,1102,5.795,26.83
852b83bbfffffff,1101,6.529,30.23
850ecbd7fffffff,1100,6.087,28.18
852ab4c3fffffff,1049,5.572,25.8
85276997fffffff,1037,6.378,29.54
852ab0cbfffffff,1019,5.977,27.67
852ab617fffffff,1001,5.621,26.02
852b9db7fffffff,984,6.12,28.34
852b8307fffffff,981,7.043,32.61
85272997fffffff,979,4.953,22.91
85270c83fffffff,977,6.55,30.33
852b9c6bfffffff,969,6.528,30.23
852b9e0ffffffff,967,6.178,28.6
852ab4d7fffffff,964,6.12,28.34
852b8ed7fffffff,907,6.329,29.3
852b9d17fffffff,906,6.205,28.73
852ab0cffffffff,903,6.491,30.05
852ab677fffffff,901,6.495,30.08
85276933fffffff,893,7.973,36.92
852b8323fffffff,892,6.139,28.42
852ab453fffffff,867,6.647,30.78
852b9dc7fffffff,865,5.697,26.37
852b834bfffffff,862,6.105,28.27
852b8357fffffff,854,6.827,31.61
850ec18bfffffff,839,8.769,40.61
852708cbfffffff,830,5.844,27.06
85270143fffffff,821,5.369,24.85
85270cc3fffffff,801,5.184,23.99
8527202bfffffff,798,7.752,35.9
852ab62bfffffff,759,7.872,36.46
85276e9bfffffff,744,5.864,27.15
852b9d03fffffff,739,10.768,49.87
852ab4a7fffffff,728,6.41,29.68
852ab297fffffff,716,5.715,26.46
852775d7fffffff,693,5.958,27.59
85272987fffffff,686,9.505,44.02
852b9387fffffff,677,6.923,32.06
852ab6a3fffffff,676,7.904,36.61
850eca4bfffffff,675,6.74,31.21
850edbcffffffff,660,11.926,55.23
852ab687fffffff,660,7.031,32.56
852b9e0bfffffff,639,6.853,31.73
852ab593fffffff,635,5.971,27.64
85276c3bfffffff,631,5.842,27.05
852b9e9bfffffff,624,5.645,26.13
85277407fffffff,618,5.661,26.21
85272067fffffff,613,7.826,36.24
852b9db3fffffff,605,6.134,28.4
852b9acffffffff,605,7.291,33.76
852b9993fffffff,602,6.419,29.72
852b9317fffffff,597,5.752,26.63
852701abfffffff,588,6.465,29.93
852b823bfffffff,569,8.689,40.24
852b9eabfffffff,554,4.866,22.51
85276617fffffff,553,10.876,50.37
852b9893fffffff,535,5.789,26.8
852b98a7fffffff,527,6.603,30.58
852b982ffffffff,525,6.87,31.81
852760d3fffffff,519,8.255,38.23
85270163fffffff,518,8.996,41.66
85276987fffffff,513,6.047,28.0
852ab0d3fffffff,498,7.113,32.94
852b938bfffffff,493,7.443,34.47
852ab603fffffff,487,4.64,21.46
852ab2a3fffffff,477,6.798,31.48
852b9ed7fffffff,470,6.048,28.0
8527698bfffffff,468,9.673,44.8
85270e97fffffff,448,6.827,31.61
850ec0bbfffffff,446,5.639,26.11
852b9e23fffffff,445,6.048,28.0
852b9167fffffff,436,6.293,29.14
852b8103fffffff,435,6.424,29.75
852703a7fffffff,434,7.313,33.87
852b835bfffffff,431,6.454,29.89
852b9eb3fffffff,417,6.977,32.31
852b9887fffffff,416,6.402,29.65
8527759bfffffff,404,8.628,39.96
852b9c7bfffffff,401,6.34,29.36
852b8317fffffff,394,5.795,26.83
852b9017fffffff,384,7.438,34.44
852b9e17fffffff,378,8.303,38.45
852763abfffffff,371,6.543,30.3
85276643fffffff,367,7.295,33.78
852b9a43fffffff,354,6.061,28.07
852b9013fffffff,345,9.901,45.85
852b9a03fffffff,339,6.262,29.0
852ab4cbfffffff,336,7.114,32.94
85276d57fffffff,333,5.754,26.64
852b9e53fffffff,333,5.924,27.43
852ab047fffffff,315,8.619,39.92
852b81bbfffffff,315,8.824,40.87
85272a37fffffff,295,6.53,30.24
85270507fffffff,295,14.715,68.15
852b8e4bfffffff,293,6.0,27.78
85276d33fffffff,293,7.902,36.6
852b92d7fffffff,293,9.616,44.53
850ed663fffffff,281,5.423,25.1
852ab457fffffff,279,7.904,36.61
852b94cbfffffff,270,7.856,36.38
852723b3fffffff,259,8.415,38.97
85270d43fffffff,257,10.513,48.69
850ed39bfffffff,254,5.314,24.59
852ab5d7fffffff,251,5.974,27.66
850ef38bfffffff,249,8.754,40.54
8527646bfffffff,248,6.419,29.72
852766d3fffffff,246,4.81,22.25
850ed86bfffffff,246,6.133,28.4
850edc57fffffff,244,7.224,33.45
852760c7fffffff,239,6.451,29.87
85276c03fffffff,234,11.369,52.65
852b9e83fffffff,233,6.737,31.2
852b9c2bfffffff,233,6.889,31.9
852769bbfffffff,230,6.852,31.73
85270eabfffffff,230,9.182,42.52
8527748ffffffff,229,9.195,42.58
852ab28bfffffff,219,5.695,26.36
85276d07fffffff,216,7.624,35.31
85272d4bfffffff,215,8.14,37.7
852b967bfffffff,208,10.748,49.78
852b8347fffffff,208,6.623,30.67
85272a23fffffff,204,5.024,23.25
852b8167fffffff,201,6.605,30.59
852b9e03fffffff,196,5.548,25.68
85270883fffffff,195,8.401,38.91
852b9d0ffffffff,195,6.356,29.43
852b9e77fffffff,194,7.844,36.33
850eca33fffffff,192,11.87,54.97
850ec843fffffff,191,9.408,43.57
85272b7bfffffff,191,9.45,43.76
852776b3fffffff,190,8.0,37.05
852b8e43fffffff,187,8.752,40.53
85277493fffffff,182,6.036,27.95
852b8337fffffff,182,4.872,22.54
852b93bbfffffff,177,9.088,42.09
85276c23fffffff,176,9.049,41.91
852b813bfffffff,176,5.848,27.08
852b946ffffffff,170,6.803,31.5
852760c3fffffff,163,8.209,38.02
852b9a73fffffff,161,9.546,44.21
85277043fffffff,159,6.876,31.84
85270e17fffffff,153,10.34,47.89
850edbc3fffffff,151,10.888,50.42
852b8ecffffffff,150,5.757,26.65
852b9e8bfffffff,146,6.457,29.9
852b9a53fffffff,145,6.87,31.81
852b988bfffffff,141,6.765,31.33
8527704ffffffff,140,6.59,30.52
852b9a1bfffffff,139,6.864,31.78
852b9227fffffff,136,7.085,32.81
85272a27fffffff,135,8.293,38.41
850ecbc3fffffff,130,5.641,26.12
852b8e53fffffff,128,6.348,29.39
852b933bfffffff,125,8.19,37.93
85270d7bfffffff,119,8.434,39.06
852b9c6ffffffff,114,5.775,26.73
852b935bfffffff,113,5.932,27.46
852770dbfffffff,110,7.121,32.98
852b9e87fffffff,108,11.988,55.52
85276c0ffffffff,107,8.478,39.26
852729affffffff,105,10.026,46.43
852ab623fffffff,103,6.255,28.96
852ab223fffffff,103,8.414,38.97
850ed06ffffffff,100,6.185,28.64
85270e07fffffff,100,9.385,43.46
850eca7bfffffff,97,9.667,44.77
852ab637fffffff,94,6.529,30.23
852b90d7fffffff,94,8.326,38.56
85272823fffffff,89,9.044,41.89
85276577fffffff,89,8.206,38.0
850ed9b3fffffff,88,6.609,30.6
85277057fffffff,83,7.016,32.49
852b9393fffffff,83,9.118,42.23
852b9a77fffffff,78,6.724,31.14
85272e27fffffff,78,8.833,40.91
852b932bfffffff,76,6.847,31.71
852b989bfffffff,70,7.269,33.66
852b908ffffffff,70,8.547,39.58
852b999bfffffff,69,7.685,35.59
852b9323fffffff,68,6.096,28.23
8527662bfffffff,67,8.039,37.23
85276d37fffffff,67,6.272,29.04
850ecd0ffffffff,65,5.985,27.71
85270cd3fffffff,64,6.184,28.64
85276d3bfffffff,63,8.81,40.8
8527614ffffffff,62,8.789,40.7
85270ebbfffffff,61,7.052,32.66
852b96a3fffffff,58,9.321,43.17
85270cd7fffffff,55,7.531,34.88
85272a47fffffff,54,6.49,30.05
852b9d4bfffffff,53,8.148,37.73
85270ec3fffffff,53,7.153,33.12
852ab04ffffffff,51,8.152,37.75
852b9d8ffffffff,51,9.134,42.3
852aa6cbfffffff,50,6.991,32.38
850ecba7fffffff,50,6.761,31.31
852b91cffffffff,49,7.108,32.92
852b9d97fffffff,49,4.982,23.05
852b9ed3fffffff,45,8.473,39.24
852b9c07fffffff,45,7.586,35.13
852b9e5bfffffff,44,6.035,27.94
85276c4ffffffff,43,5.661,26.21
850eca27fffffff,40,8.725,40.41
8527646ffffffff,40,6.995,32.39
85276393fffffff,40,11.307,52.36
852b9447fffffff,39,5.257,24.33
852b9463fffffff,38,5.78,26.76
852ab057fffffff,38,9.169,42.46
85270ec7fffffff,36,9.643,44.66
85277637fffffff,36,7.486,34.67
850edb87fffffff,36,9.311,43.12
852776affffffff,35,6.415,29.71
852b9163fffffff,35,11.555,53.51
85270d5bfffffff,35,8.921,41.31
85270d8ffffffff,34,7.986,36.99
850ec967fffffff,33,6.456,29.9
852b9e37fffffff,33,6.399,29.63
852b9ea3fffffff,33,6.287,29.11
852b910ffffffff,33,5.184,23.99
852b9c23fffffff,33,5.936,27.48
852b9d47fffffff,32,7.876,36.47
852761affffffff,31,5.543,25.66
852b9467fffffff,31,6.784,31.41
852ab233fffffff,31,8.825,40.87
852ab55bfffffff,31,6.509,30.14
852764cffffffff,29,10.436,48.33
8527693bfffffff,29,6.632,30.71
8527746ffffffff,28,6.845,31.7
852761c7fffffff,28,5.381,24.91
8527010ffffffff,27,5.687,26.33
850ed95bfffffff,27,9.273,42.95
852b98cffffffff,27,6.759,31.3
852b93b3fffffff,26,6.625,30.68
850ec92ffffffff,25,5.715,26.46
852b96d7fffffff,25,5.101,23.61
85276177fffffff,24,6.169,28.56
85276067fffffff,24,5.551,25.7
852708cffffffff,23,8.12,37.6
850ec803fffffff,23,9.423,43.64
85270d83fffffff,23,10.915,50.55
852b831bfffffff,23,6.948,32.17
852b9b8bfffffff,23,6.699,31.02
8527709bfffffff,23,8.337,38.61
8527012bfffffff,22,6.212,28.76
8527602bfffffff,22,11.88,55.02
8527662ffffffff,22,5.462,25.28
85270edbfffffff,22,5.988,27.72
852b8e13fffffff,21,6.464,29.93
85276163fffffff,21,5.026,23.26
85276c13fffffff,20,8.573,39.7
852b96b7fffffff,20,6.533,30.25
852b9d1bfffffff,19,5.605,25.95
85276d0bfffffff,19,8.527,39.49
852b9cb3fffffff,19,7.782,36.04
8527282ffffffff,18,5.689,26.34
85270ea7fffffff,18,6.648,30.79
852ab68ffffffff,18,8.535,39.52
852772d7fffffff,18,5.182,23.98
852b9897fffffff,18,6.186,28.64
852b9653fffffff,18,8.478,39.26
85276387fffffff,17,5.736,26.55
85276467fffffff,17,9.123,42.25
85270cdbfffffff,17,7.416,34.34
852b91b3fffffff,17,8.923,41.33
85276d03fffffff,17,9.961,46.13
850ec97bfffffff,17,7.265,33.64
85276c87fffffff,17,7.749,35.89
85272a2ffffffff,16,6.986,32.35
852b9883fffffff,16,7.462,34.56
852b9c4ffffffff,16,7.136,33.04
85272887fffffff,16,5.724,26.5
8527601bfffffff,16,8.013,37.11
852b92d3fffffff,16,8.35,38.67
85276c0bfffffff,15,5.319,24.62
85276913fffffff,15,4.167,19.25
852b918ffffffff,15,4.776,22.09
852b83cffffffff,15,7.492,34.69
85277283fffffff,15,7.24,33.53
8527763bfffffff,15,5.916,27.39
852b92affffffff,15,6.22,28.8
852b96d3fffffff,14,6.953,32.2
852b9cb7fffffff,14,6.321,29.27
8527761bfffffff,14,6.024,27.89
85276687fffffff,14,6.513,30.16
852b833bfffffff,14,6.855,31.74
852ab59bfffffff,14,4.399,20.33
85277623fffffff,13,8.116,37.58
85276383fffffff,13,6.564,30.4
852b9023fffffff,13,6.564,30.4
852b91bbfffffff,13,6.654,30.81
852b83cbfffffff,13,6.314,29.24
852b9ecffffffff,13,6.388,29.58
85276c37fffffff,13,6.977,32.31
85276167fffffff,13,6.06,28.06
850ed87bfffffff,13,9.222,42.71
852b8adbfffffff,13,5.254,24.32
85270c67fffffff,12,8.7,40.29
852ab097fffffff,12,6.13,28.39
852b92dbfffffff,12,7.325,33.92
852b92c3fffffff,12,5.505,25.48
85270897fffffff,12,7.831,36.27
852b8e6bfffffff,12,6.099,28.24
85270c4ffffffff,12,9.033,41.84
85276597fffffff,12,7.874,36.47
852b91dbfffffff,12,6.65,30.79
852ab667fffffff,12,6.223,28.81
8527016bfffffff,11,7.529,34.87
85276c47fffffff,11,7.868,36.44
852b926ffffffff,11,11.79,54.6
852b9ea7fffffff,11,5.628,26.05
852b9ec7fffffff,11,9.38,43.44
85276c9bfffffff,11,8.977,41.57
852b9233fffffff,11,6.507,30.13
85270ea3fffffff,11,6.475,29.98
85276cc3fffffff,11,5.908,27.35
85276c53fffffff,11,4.999,23.13
852b9177fffffff,11,7.003,32.43
85272a6ffffffff,10,9.243,42.81
850ec84ffffffff,10,9.339,43.25
852b9dd3fffffff,10,7.114,32.94
852776cffffffff,10,6.948,32.18
852b9d93fffffff,10,6.423,29.74
8527708bfffffff,10,7.829,36.25
852b9ccffffffff,10,7.298,33.8
852b9667fffffff,10,6.324,29.28
85277483fffffff,10,3.961,18.28
85270d53fffffff,10,6.615,30.63
850ecb37fffffff,10,5.42,25.09
852b9c97fffffff,10,6.507,30.13
85277463fffffff,9,5.357,24.79
8527616bfffffff,9,6.339,29.35
85270cc7fffffff,9,7.302,33.82
85270c0bfffffff,9,7.76,35.94
85276d1bfffffff,9,5.763,26.68
852b9eaffffffff,9,5.418,25.08
852b96a7fffffff,9,7.046,32.63
852723bbfffffff,9,7.975,36.93
85276c8ffffffff,8,8.381,38.81
852b929bfffffff,8,7.163,33.17
852b9ca7fffffff,8,7.642,35.39
852b9d37fffffff,8,5.909,27.36
852b836ffffffff,8,7.133,33.03
852b92a7fffffff,8,6.538,30.28
852b915bfffffff,8,7.704,35.68
85270d17fffffff,8,8.039,37.23
85270c6bfffffff,8,7.142,33.07
85270e87fffffff,8,6.462,29.92
85270173fffffff,7,6.112,28.3
8527653bfffffff,7,5.744,26.59
85270127fffffff,7,6.007,27.81
85270d8bfffffff,7,6.957,32.22
85276cdbfffffff,7,5.633,26.08
850ecb3bfffffff,7,6.185,28.64
852b9207fffffff,7,6.172,28.58
852770d7fffffff,7,4.688,21.68
852ab2b3fffffff,7,5.744,26.59
85272e6ffffffff,7,9.2,42.61
850ed913fffffff,7,6.979,32.32
85270e93fffffff,7,4.521,20.9
852776bbfffffff,7,14.342,66.42
852b98cbfffffff,7,6.836,31.65
850edb67fffffff,7,6.698,31.02
852b90d3fffffff,7,6.837,31.66
8527616ffffffff,7,6.956,32.21
85276c33fffffff,6,9.622,44.56
852b9357fffffff,6,7.175,33.23
852770d3fffffff,6,9.31,43.12
852b906ffffffff,6,6.443,29.83
852b9dd7fffffff,6,7.517,34.81
85272a57fffffff,6,5.661,26.21
852b93c7fffffff,6,5.524,25.57
850ec96ffffffff,6,4.551,21.03
852b8363fffffff,6,13.761,63.73
852b9c17fffffff,6,6.688,30.97
852b9e93fffffff,6,7.48,34.64
850ed93bfffffff,6,7.757,35.92
85276397fffffff,6,7.373,34.14
852761b3fffffff,6,8.559,39.64
852b9113fffffff,6,6.398,29.62
850eca0ffffffff,6,5.818,26.94
852b8e5bfffffff,6,5.656,26.18
8527704bfffffff,6,6.003,27.79
85272bdbfffffff,6,4.262,19.69
852b934ffffffff,6,5.721,26.48
85270e77fffffff,5,5.954,27.57
852763b7fffffff,5,6.76,31.3
850ecbcbfffffff,5,8.212,38.03
85276113fffffff,5,8.792,40.72
8527607bfffffff,5,8.08,37.42
850ecb87fffffff,5,5.036,23.3
85270dbbfffffff,5,7.979,36.95
852b9d13fffffff,5,9.874,45.73
852701cbfffffff,5,6.557,30.36
85270dc7fffffff,5,7.362,34.09
852761b7fffffff,5,6.298,29.16
8527614bfffffff,5,5.456,25.25
852b9657fffffff,5,8.598,39.82
852b81abfffffff,5,7.929,36.72
852b9d5bfffffff,5,8.952,41.46
85270dcffffffff,5,8.379,38.81
85276127fffffff,5,8.37,38.76
852b968ffffffff,5,7.592,35.16
852b9297fffffff,5,4.646,21.48
8527729bfffffff,5,6.135,28.41
850edba7fffffff,5,5.904,27.33
852b9d9bfffffff,5,8.037,37.22
852b9327fffffff,5,6.004,27.8
852b9623fffffff,5,7.1,32.88
85270eb7fffffff,5,9.241,42.8
852b93a3fffffff,5,5.914,27.38
852ab697fffffff,4,6.428,29.77
8527617bfffffff,4,6.531,30.24
852b906bfffffff,4,7.381,34.18
852b934bfffffff,4,8.382,38.82
85270157fffffff,4,5.293,24.5
852b9c53fffffff,4,6.09,28.19
852b938ffffffff,4,5.792,26.81
85270d57fffffff,4,6.087,28.18
850eda03fffffff,4,12.994,60.18
852708c3fffffff,4,6.767,31.34
852b927bfffffff,4,7.985,36.98
850eda3bfffffff,4,5.804,26.87
852b9d87fffffff,4,6.848,31.71
852b9eb7fffffff,4,8.031,37.19
850ec94bfffffff,4,5.135,23.76
85277647fffffff,4,5.437,25.17
852708dbfffffff,4,8.731,40.43
852761bbfffffff,4,9.404,43.55
852b98c3fffffff,4,5.064,23.43
85276c77fffffff,4,6.342,29.35
852b9617fffffff,4,6.952,32.19
85276627fffffff,4,7.583,35.11
8527016ffffffff,4,7.74,35.84
852b9ddbfffffff,4,6.823,31.6
850ed067fffffff,4,7.972,36.92
850ed98ffffffff,4,11.27,52.2
85270ed3fffffff,4,8.043,37.25
85276077fffffff,4,7.096,32.84
85276d77fffffff,4,6.713,31.08
852b93a7fffffff,4,6.376,29.53
850eda27fffffff,4,7.974,36.93
85276ec3fffffff,4,7.94,36.77
8527705bfffffff,4,8.11,37.56
8527744bfffffff,4,7.504,34.75
85272563fffffff,4,9.656,44.72
852b962bfffffff,4,8.693,40.26
852b9e43fffffff,4,6.119,28.32
852b91c3fffffff,4,5.717,26.46
85276ca3fffffff,4,9.321,43.17
85270e27fffffff,4,8.175,37.86
85276cd3fffffff,3,8.525,39.48
852b9c93fffffff,3,8.903,41.23
85276c1bfffffff,3,4.455,20.6
852b9d23fffffff,3,3.971,18.33
85272b17fffffff,3,3.896,17.98
852b9663fffffff,3,4.655,21.53
85276137fffffff,3,9.086,42.08
852ab51bfffffff,3,7.144,33.08
850ec80ffffffff,3,9.997,46.3
852b9cc7fffffff,3,3.95,18.23
852b9d8bfffffff,3,5.389,24.95
852b9c2ffffffff,3,10.176,47.13
85276ed7fffffff,3,5.579,25.83
85277417fffffff,3,6.133,28.4
852766abfffffff,3,7.317,33.89
852b9697fffffff,3,5.03,23.27
85270eaffffffff,3,9.609,44.5
852b818ffffffff,3,5.53,25.6
852b9007fffffff,3,7.879,36.49
852b9ca3fffffff,3,4.971,23.0
85270d1bfffffff,3,9.252,42.85
852761abfffffff,3,7.19,33.3
852b914ffffffff,3,7.557,35.0
852b9693fffffff,3,4.288,19.81
8527089bfffffff,3,7.702,35.67
85270db3fffffff,3,5.884,27.24
85270117fffffff,3,9.454,43.78
85272a67fffffff,3,5.367,24.84
852ab283fffffff,2,7.703,35.67
852b8237fffffff,2,12.073,55.91
850ed85bfffffff,2,9.912,45.9
852b9303fffffff,2,6.768,31.34
852b826ffffffff,2,10.571,48.96
85276147fffffff,2,7.211,33.39
852b9c4bfffffff,2,8.505,39.39
85276143fffffff,2,9.997,46.3
8527610bfffffff,2,9.19,42.56
850ecbaffffffff,2,8.615,39.89
852b9313fffffff,2,6.592,30.41
852b9cabfffffff,2,7.885,36.52
850eca43fffffff,2,8.872,41.09
85277013fffffff,2,9.275,42.94
8527017bfffffff,2,9.116,42.22
85276053fffffff,2,7.315,33.88
852b9c77fffffff,2,3.898,17.73
8527609bfffffff,2,11.549,53.49
852776dbfffffff,2,10.948,50.7
85276ec7fffffff,2,8.461,39.15
85277687fffffff,2,7.729,35.79
852b922bfffffff,2,8.994,41.65
852b96c7fffffff,2,11.863,54.94
8527618bfffffff,2,7.609,35.24
852b9067fffffff,2,10.927,50.6
852b9e73fffffff,2,6.998,32.41
852b92a3fffffff,2,4.83,22.33
852b93d3fffffff,2,9.38,43.44
8527743bfffffff,2,6.246,28.92
852b96cffffffff,2,6.94,32.12
8527660bfffffff,2,4.263,19.69
850ec92bfffffff,2,6.551,30.33
852776a7fffffff,2,7.169,33.19
85276c97fffffff,2,9.077,42.04
852b917bfffffff,2,7.756,35.92
85272077fffffff,2,5.418,25.07
850ed677fffffff,2,7.198,33.33
852b902ffffffff,2,5.752,26.63
85270c93fffffff,2,6.946,32.16
850edbc7fffffff,2,8.957,41.48
852b92b7fffffff,2,5.73,26.52
850ecb8bfffffff,2,8.348,38.66
852b98dbfffffff,2,5.211,24.12
852b9997fffffff,2,9.091,42.1
850edb03fffffff,2,10.574,48.97
852b9333fffffff,2,17.244,79.86
852b916bfffffff,2,6.522,30.2
852b8267fffffff,2,5.286,24.43
852b9cd3fffffff,2,9.662,44.74
852ab0c7fffffff,1,9.951,46.09
850ed673fffffff,1,9.065,41.98
85272a53fffffff,1,3.483,16.02
8527284bfffffff,1,10.457,48.43
852b9377fffffff,1,12.151,56.27
85276c73fffffff,1,6.642,30.76
852b9077fffffff,1,13.465,62.36
8527638ffffffff,1,5.141,23.79
852701bbfffffff,1,6.288,29.12
850ed863fffffff,1,5.537,25.63
852b93b7fffffff,1,8.443,39.1
85270147fffffff,1,5.402,25.01
85272a7bfffffff,1,13.686,63.38
85276edbfffffff,1,4.788,22.15
852b907bfffffff,1,10.43,48.3
852b93d7fffffff,1,8.851,40.99
85270e33fffffff,1,6.177,28.6
85270893fffffff,1,5.221,24.16
852775d3fffffff,1,5.046,23.35
85276e93fffffff,1,7.606,35.22
85276c7bfffffff,1,9.047,41.9
852b9ec3fffffff,1,8.793,40.72
852b9c0bfffffff,1,10.691,49.51
852b9257fffffff,1,5.96,27.59
850ecb33fffffff,1,15.794,73.15
850ec947fffffff,1,8.194,37.95
850ec95bfffffff,1,10.397,48.15
852b834ffffffff,1,5.383,24.92
852b9c27fffffff,1,5.729,26.52
85277297fffffff,1,6.102,28.25
852b9443fffffff,1,5.178,23.96
852b9e6bfffffff,1,10.121,46.87
852b9c03fffffff,1,7.329,33.94
852b830ffffffff,1,5.856,27.11
852b9263fffffff,1,13.738,63.62
852b98d7fffffff,1,9.761,45.21
85270d03fffffff,1,11.628,53.85
852b9e13fffffff,1,4.676,21.63
85270d73fffffff,1,6.092,28.21
852b9c5bfffffff,1,12.089,55.99
852b9003fffffff,1,7.69,35.61
852b81affffffff,1,6.212,28.77
850edb6ffffffff,1,8.154,37.76
852b9d53fffffff,1,7.703,35.67
8527767bfffffff,1,11.63,53.86
852708d7fffffff,1,4.284,19.79
85277633fffffff,1,7.742,35.85
852b9adbfffffff,1,12.196,56.48
85276cd7fffffff,1,9.419,43.62
852b9103fffffff,1,7.946,36.8
852b912bfffffff,1,11.406,52.82
8527748bfffffff,1,3.985,18.39
850edba3fffffff,1,10.975,50.83
852b9d2ffffffff,1,5.665,26.22
852b9027fffffff,1,8.039,37.23
8527612ffffffff,1,7.81,36.17
8527611bfffffff,1,13.184,61.06
852b9c37fffffff,1,15.968,73.95
85276153fffffff,1,11.952,55.35
852b90affffffff,1,16.656,77.14
850ed92ffffffff,1,11.353,52.58
85277403fffffff,1,13.358,61.87
850ecb9bfffffff,1,4.709,21.78
850ed923fffffff,1,6.678,30.92
85272933fffffff,1,10.538,48.8
852b9643fffffff,1,15.476,71.67
852b965bfffffff,1,4.144,19.14
8527744ffffffff,1,10.244,47.44
85277653fffffff,1,12.532,58.04
850edb0bfffffff,1,9.509,44.04
852b9e63fffffff,1,10.377,48.06
852b947bfffffff,1,7.374,34.15
852b9373fffffff,1,12.481,57.8
852b9153fffffff,1,4.708,21.78
85270cb3fffffff,1,11.822,54.75
850eca6bfffffff,1,10.35,47.94
85276cc7fffffff,1,4.709,21.78
85276c57fffffff,1,8.469,39.22
85276ccffffffff,1,6.118,28.33
850ec827fffffff,1,11.576,53.61
85270c87fffffff,1,7.0,32.42
852703b7fffffff,1,9.925,45.96
850edb83fffffff,1,13.98,64.74
852b9473fffffff,1,13.015,60.27
85276517fffffff,1,12.607,58.38
850ecb27fffffff,1,6.206,28.74
85276543fffffff,1,9.377,43.43
852b90bbfffffff,1,13.449,62.28
852760b7fffffff,1,11.451,53.03
852b9277fffffff,1,12.844,59.48
852b9033fffffff,1,13.261,61.42
852b926bfffffff,1,7.14,33.07
852763bbfffffff,1,7.833,36.27
852b9063fffffff,1,11.392,52.76
85276047fffffff,1,12.598,58.35
852b928bfffffff,1,10.421,48.26
852b9347fffffff,1,12.428,57.56
852b90cbfffffff,1,11.415,52.86
852b9c67fffffff,1,3.947,18.21
852b9dcffffffff,1,8.62,39.92
850ec8cffffffff,1,10.155,47.03
852729abfffffff,1,10.606,49.12
852b9ecbfffffff,1,3.739,17.23
852b92abfffffff,1,5.636,26.09
852b9c57fffffff,1,4.017,18.54
852b930bfffffff,1,9.312,43.13
852b922ffffffff,1,9.204,42.63
85272c23fffffff,1,7.817,36.2
85276c93fffffff,1,7.214,33.41
852723a7fffffff,1,11.951,55.35
852701a7fffffff,1,6.085,28.18
85272cdbfffffff,1,8.837,40.93
