h3_id,ntn_users,ntn_demand_Mbps,one_beam_cap_Mbps,beams_needed,exceeds_one_beam
852b9bcffffffff,29215,11441.522,531.0,21.547,True
852b986ffffffff,17803,7012.302,531.0,13.206,True
852b9bdbfffffff,17023,6626.432,531.0,12.479,True
852b9bcbfffffff,14387,5691.734,531.0,10.719,True
852b9bd3fffffff,12137,4746.472,531.0,8.939,True
852b9867fffffff,11731,4632.305,531.0,8.724,True
852b986bfffffff,7515,2949.33,531.0,5.554,True
852b9aa7fffffff,6760,2734.544,531.0,5.15,True
852b9bc3fffffff,6227,2436.36,531.0,4.588,True
852b9bc7fffffff,4802,1890.688,531.0,3.561,True
852b9b9bfffffff,4537,1739.134,531.0,3.275,True
852b9bd7fffffff,3945,1544.644,531.0,2.909,True
852b9863fffffff,2112,813.369,531.0,1.532,True
852b9b53fffffff,2029,804.534,531.0,1.515,True
852b9b57fffffff,1283,513.316,531.0,0.967,False
852b9a37fffffff,1300,511.286,531.0,0.963,False
852b9aaffffffff,1203,465.864,531.0,0.877,False
852b9ab7fffffff,891,360.647,531.0,0.679,False
852b9a27fffffff,860,333.584,531.0,0.628,False
852b982bfffffff,773,319.937,531.0,0.603,False
852b9aa3fffffff,613,244.001,531.0,0.46,False
852b987bfffffff,649,237.961,531.0,0.448,False
852b9877fffffff,541,203.514,531.0,0.383,False
852b9b43fffffff,492,186.759,531.0,0.352,False
852b9a33fffffff,382,149.898,531.0,0.282,False
852b9b5bfffffff,365,133.36,531.0,0.251,False
852b9a23fffffff,323,126.34,531.0,0.238,False
852b9873fffffff,328,125.546,531.0,0.236,False
852b9aabfffffff,305,117.854,531.0,0.222,False
852b9b93fffffff,262,110.783,531.0,0.209,False
852b9b47fffffff,264,109.758,531.0,0.207,False
852b9ab3fffffff,249,104.237,531.0,0.196,False
852b9a2ffffffff,226,100.167,531.0,0.189,False
852b9847fffffff,184,79.972,531.0,0.151,False
852b984ffffffff,182,74.104,531.0,0.14,False
852b983bfffffff,177,71.479,531.0,0.135,False
852b9b4ffffffff,179,68.853,531.0,0.13,False
852b9b3bfffffff,177,65.995,531.0,0.124,False
852b9b7bfffffff,171,65.352,531.0,0.123,False
852ab497fffffff,131,62.974,531.0,0.119,False
852b9b4bfffffff,154,59.882,531.0,0.113,False
852b9abbfffffff,168,59.291,531.0,0.112,False
852b9823fffffff,145,59.041,531.0,0.111,False
852b9a07fffffff,129,51.531,531.0,0.097,False
852b980ffffffff,124,50.12,531.0,0.094,False
852b9a3bfffffff,131,49.909,531.0,0.094,False
852b9b77fffffff,121,49.28,531.0,0.093,False
852b9a87fffffff,127,45.852,531.0,0.086,False
852ab487fffffff,90,45.396,531.0,0.085,False
852b980bfffffff,116,44.395,531.0,0.084,False
852b9a2bfffffff,108,43.652,531.0,0.082,False
852b9b73fffffff,124,42.304,531.0,0.08,False
852b9b2bfffffff,86,39.533,531.0,0.074,False
852b9b8bfffffff,72,33.889,531.0,0.064,False
852b9b0ffffffff,70,33.752,531.0,0.064,False
852b9b07fffffff,108,33.125,531.0,0.062,False
852b9807fffffff,94,33.102,531.0,0.062,False
852b9a17fffffff,74,32.075,531.0,0.06,False
852b9b63fffffff,96,31.525,531.0,0.059,False
852b9b33fffffff,86,30.263,531.0,0.057,False
852b9b23fffffff,74,29.902,531.0,0.056,False
852b984bfffffff,63,29.622,531.0,0.056,False
852ab4b7fffffff,63,26.079,531.0,0.049,False
852ab483fffffff,66,25.931,531.0,0.049,False
852b9803fffffff,75,25.461,531.0,0.048,False
852ab493fffffff,74,25.4,531.0,0.048,False
852b9857fffffff,74,25.015,531.0,0.047,False
852ab4a3fffffff,50,24.656,531.0,0.046,False
852b9833fffffff,64,24.522,531.0,0.046,False
852b9a97fffffff,45,22.319,531.0,0.042,False
852b9a03fffffff,54,21.956,531.0,0.041,False
852b9b67fffffff,52,21.387,531.0,0.04,False
852b98abfffffff,49,21.119,531.0,0.04,False
852b9a8ffffffff,48,20.704,531.0,0.039,False
852b9a67fffffff,50,20.334,531.0,0.038,False
852b981bfffffff,39,18.628,531.0,0.035,False
852b98affffffff,44,18.062,531.0,0.034,False
852ab4b3fffffff,58,17.992,531.0,0.034,False
852b9a83fffffff,33,17.684,531.0,0.033,False
852b9a13fffffff,43,17.344,531.0,0.033,False
852ab4bbfffffff,45,16.438,531.0,0.031,False
852b9837fffffff,50,16.377,531.0,0.031,False
852b9a0ffffffff,50,15.176,531.0,0.029,False
852ab48ffffffff,39,14.904,531.0,0.028,False
852b985bfffffff,42,14.288,531.0,0.027,False
852b9853fffffff,37,13.239,531.0,0.025,False
852b9817fffffff,36,13.164,531.0,0.025,False
852b9b6ffffffff,33,13.086,531.0,0.025,False
852b9b6bfffffff,37,12.299,531.0,0.023,False
852b9a73fffffff,22,12.252,531.0,0.023,False
852b9a0bfffffff,25,12.117,531.0,0.023,False
852ab49bfffffff,34,11.663,531.0,0.022,False
852b9813fffffff,25,11.18,531.0,0.021,False
852b99dbfffffff,23,11.109,531.0,0.021,False
852b9e27fffffff,28,10.021,531.0,0.019,False
852b9e2ffffffff,25,9.911,531.0,0.019,False
852ab5d3fffffff,21,9.5,531.0,0.018,False
852b9a63fffffff,24,9.334,531.0,0.018,False
852ab48bfffffff,23,8.973,531.0,0.017,False
852b98a3fffffff,24,8.935,531.0,0.017,False
852b9a1bfffffff,20,8.67,531.0,0.016,False
852b98cffffffff,17,8.466,531.0,0.016,False
852b98c7fffffff,24,8.431,531.0,0.016,False
852ab4affffffff,25,7.905,531.0,0.015,False
852b9ac7fffffff,20,7.645,531.0,0.014,False
852ab4a7fffffff,18,7.454,531.0,0.014,False
852b9a93fffffff,23,7.294,531.0,0.014,False
852ab433fffffff,13,6.96,531.0,0.013,False
852ab407fffffff,19,6.956,531.0,0.013,False
852b98a7fffffff,16,6.822,531.0,0.013,False
852b9a77fffffff,22,6.665,531.0,0.013,False
852ab417fffffff,12,6.486,531.0,0.012,False
852b98bbfffffff,18,6.326,531.0,0.012,False
852ab4abfffffff,19,6.271,531.0,0.012,False
852ab413fffffff,21,6.177,531.0,0.012,False
852ab4d7fffffff,20,6.129,531.0,0.012,False
852b9843fffffff,13,6.092,531.0,0.011,False
852b9a6bfffffff,12,5.924,531.0,0.011,False
852b9a6ffffffff,21,5.786,531.0,0.011,False
852b9a8bfffffff,18,5.739,531.0,0.011,False
852b98b7fffffff,14,5.534,531.0,0.01,False
852b98c3fffffff,11,5.515,531.0,0.01,False
852b9a7bfffffff,12,5.301,531.0,0.01,False
852ab4d3fffffff,10,4.995,531.0,0.009,False
852b9babfffffff,8,4.543,531.0,0.009,False
852b99d3fffffff,10,4.537,531.0,0.009,False
852b988bfffffff,9,4.429,531.0,0.008,False
852b988ffffffff,13,4.315,531.0,0.008,False
852b9b2ffffffff,16,4.311,531.0,0.008,False
852ab4c3fffffff,8,4.22,531.0,0.008,False
852769a7fffffff,6,4.162,531.0,0.008,False
852b9887fffffff,8,4.147,531.0,0.008,False
852b9acffffffff,8,3.878,531.0,0.007,False
852b9a4ffffffff,9,3.711,531.0,0.007,False
852b9e33fffffff,10,3.705,531.0,0.007,False
852b9a9bfffffff,8,3.641,531.0,0.007,False
852ab437fffffff,13,3.64,531.0,0.007,False
852769b7fffffff,7,3.545,531.0,0.007,False
852ab4cffffffff,4,3.395,531.0,0.006,False
852b9a47fffffff,11,3.373,531.0,0.006,False
852b98cbfffffff,9,3.358,531.0,0.006,False
852b9e23fffffff,4,3.125,531.0,0.006,False
852ab43bfffffff,10,3.096,531.0,0.006,False
852ab4c7fffffff,13,2.994,531.0,0.006,False
852b9a57fffffff,10,2.933,531.0,0.006,False
852ab40ffffffff,6,2.912,531.0,0.005,False
852b9d4ffffffff,6,2.865,531.0,0.005,False
852b9b27fffffff,13,2.848,531.0,0.005,False
85276d27fffffff,6,2.827,531.0,0.005,False
852ab403fffffff,7,2.815,531.0,0.005,False
852b9a53fffffff,3,2.683,531.0,0.005,False
852b989bfffffff,5,2.646,531.0,0.005,False
852b9e03fffffff,6,2.593,531.0,0.005,False
852ab427fffffff,5,2.536,531.0,0.005,False
852b9acbfffffff,5,2.481,531.0,0.005,False
852ab41bfffffff,12,2.375,531.0,0.004,False
852b9e2bfffffff,5,2.303,531.0,0.004,False
852ab457fffffff,2,2.282,531.0,0.004,False
852ab593fffffff,8,2.28,531.0,0.004,False
852b9d73fffffff,2,2.223,531.0,0.004,False
852ab553fffffff,4,2.138,531.0,0.004,False
852b9d6ffffffff,7,2.113,531.0,0.004,False
852b9e73fffffff,3,2.106,531.0,0.004,False
852b9e67fffffff,5,2.102,531.0,0.004,False
852ab5c3fffffff,3,2.064,531.0,0.004,False
852b9e07fffffff,4,2.016,531.0,0.004,False
852b9b37fffffff,5,1.986,531.0,0.004,False
852769affffffff,6,1.981,531.0,0.004,False
852ab5dbfffffff,9,1.976,531.0,0.004,False
852ab42bfffffff,4,1.927,531.0,0.004,False
852ab40bfffffff,2,1.871,531.0,0.004,False
85276927fffffff,5,1.857,531.0,0.003,False
852b9d7bfffffff,3,1.833,531.0,0.003,False
852ab45bfffffff,3,1.83,531.0,0.003,False
852b982ffffffff,4,1.798,531.0,0.003,False
852b9ebbfffffff,3,1.767,531.0,0.003,False
852b98b3fffffff,9,1.69,531.0,0.003,False
852b9d2bfffffff,2,1.642,531.0,0.003,False
852ab6b7fffffff,1,1.625,531.0,0.003,False
852ab467fffffff,5,1.596,531.0,0.003,False
852b9c63fffffff,4,1.584,531.0,0.003,False
852b9c67fffffff,2,1.551,531.0,0.003,False
85276d2ffffffff,2,1.551,531.0,0.003,False
852b9c6ffffffff,2,1.536,531.0,0.003,False
852b9e37fffffff,7,1.482,531.0,0.003,False
852b9a5bfffffff,9,1.477,531.0,0.003,False
852ab47bfffffff,2,1.469,531.0,0.003,False
852ab09bfffffff,1,1.452,531.0,0.003,False
852b9d0bfffffff,2,1.419,531.0,0.003,False
852ab55bfffffff,2,1.375,531.0,0.003,False
852ab477fffffff,5,1.359,531.0,0.003,False
852769a3fffffff,3,1.315,531.0,0.002,False
852b9ea7fffffff,2,1.302,531.0,0.002,False
852b9dbbfffffff,1,1.274,531.0,0.002,False
85276d37fffffff,2,1.265,531.0,0.002,False
852b9d67fffffff,2,1.22,531.0,0.002,False
852b9c2ffffffff,1,1.169,531.0,0.002,False
852ab5cbfffffff,6,1.07,531.0,0.002,False
852ab5d7fffffff,5,1.066,531.0,0.002,False
852b9d6bfffffff,4,1.061,531.0,0.002,False
852ab0d7fffffff,2,1.019,531.0,0.002,False
852b9e6ffffffff,5,0.995,531.0,0.002,False
852ab463fffffff,3,0.987,531.0,0.002,False
852b93cbfffffff,1,0.947,531.0,0.002,False
852b9883fffffff,5,0.937,531.0,0.002,False
852b9c6bfffffff,6,0.921,531.0,0.002,False
852ab59bfffffff,8,0.911,531.0,0.002,False
852b9c7bfffffff,5,0.852,531.0,0.002,False
852b9eb3fffffff,1,0.838,531.0,0.002,False
852b98d3fffffff,4,0.805,531.0,0.002,False
852b9d57fffffff,1,0.802,531.0,0.002,False
852ab623fffffff,1,0.801,531.0,0.002,False
852769b3fffffff,6,0.798,531.0,0.002,False
852b9ea3fffffff,1,0.791,531.0,0.001,False
852ab46bfffffff,3,0.788,531.0,0.001,False
85276923fffffff,1,0.781,531.0,0.001,False
852ab473fffffff,4,0.768,531.0,0.001,False
852b9c47fffffff,1,0.749,531.0,0.001,False
852ab093fffffff,4,0.709,531.0,0.001,False
852b9e77fffffff,5,0.676,531.0,0.001,False
852ab423fffffff,6,0.667,531.0,0.001,False
852b9a43fffffff,4,0.64,531.0,0.001,False
852b98dbfffffff,4,0.615,531.0,0.001,False
852b9e13fffffff,2,0.613,531.0,0.001,False
852b9a4bfffffff,4,0.602,531.0,0.001,False
852769bbfffffff,3,0.564,531.0,0.001,False
852b98d7fffffff,5,0.555,531.0,0.001,False
852b9db7fffffff,2,0.52,531.0,0.001,False
85276997fffffff,3,0.498,531.0,0.001,False
852b9e17fffffff,2,0.487,531.0,0.001,False
852ab453fffffff,3,0.457,531.0,0.001,False
852b9897fffffff,3,0.448,531.0,0.001,False
852b9e0bfffffff,2,0.436,531.0,0.001,False
852b9e8bfffffff,2,0.434,531.0,0.001,False
852ab0dbfffffff,2,0.413,531.0,0.001,False
852b9893fffffff,3,0.39,531.0,0.001,False
852ab4dbfffffff,4,0.366,531.0,0.001,False
852ab63bfffffff,2,0.354,531.0,0.001,False
852b9c33fffffff,1,0.352,531.0,0.001,False
852b9c87fffffff,1,0.348,531.0,0.001,False
852b932ffffffff,1,0.347,531.0,0.001,False
852b9eaffffffff,1,0.345,531.0,0.001,False
852b9dcffffffff,1,0.337,531.0,0.001,False
852b9c4ffffffff,1,0.335,531.0,0.001,False
852b9c27fffffff,1,0.329,531.0,0.001,False
852b9c77fffffff,2,0.316,531.0,0.001,False
852ab447fffffff,1,0.313,531.0,0.001,False
852b9d4bfffffff,1,0.311,531.0,0.001,False
85276cbbfffffff,1,0.308,531.0,0.001,False
852b83abfffffff,1,0.308,531.0,0.001,False
852b93cffffffff,1,0.305,531.0,0.001,False
852b9d63fffffff,1,0.302,531.0,0.001,False
852b9c73fffffff,1,0.3,531.0,0.001,False
852b9d77fffffff,1,0.297,531.0,0.001,False
852ab20bfffffff,1,0.282,531.0,0.001,False
85276993fffffff,1,0.269,531.0,0.001,False
852b9e53fffffff,1,0.268,531.0,0.001,False
852ab6bbfffffff,1,0.261,531.0,0.0,False
85276917fffffff,2,0.248,531.0,0.0,False
852ab05bfffffff,1,0.238,531.0,0.0,False
852b9e5bfffffff,1,0.235,531.0,0.0,False
852b9d03fffffff,2,0.233,531.0,0.0,False
85276caffffffff,1,0.227,531.0,0.0,False
852b9d53fffffff,1,0.218,531.0,0.0,False
852b9d8bfffffff,1,0.216,531.0,0.0,False
852b9d47fffffff,2,0.214,531.0,0.0,False
85276907fffffff,1,0.212,531.0,0.0,False
85276987fffffff,1,0.205,531.0,0.0,False
852b9d33fffffff,1,0.205,531.0,0.0,False
852b9eabfffffff,1,0.205,531.0,0.0,False
852ab633fffffff,1,0.203,531.0,0.0,False
852ab46ffffffff,1,0.199,531.0,0.0,False
852b9d13fffffff,1,0.192,531.0,0.0,False
852ab44ffffffff,2,0.186,531.0,0.0,False
852ab6a3fffffff,1,0.172,531.0,0.0,False
852b9ac3fffffff,1,0.172,531.0,0.0,False
852ab44bfffffff,1,0.17,531.0,0.0,False
852b9ecbfffffff,1,0.168,531.0,0.0,False
852b9e9bfffffff,1,0.164,531.0,0.0,False
852b9ed7fffffff,1,0.163,531.0,0.0,False
85276d3bfffffff,2,0.157,531.0,0.0,False
852ab2bbfffffff,1,0.152,531.0,0.0,False
852ab42ffffffff,1,0.134,531.0,0.0,False
852ab0cffffffff,1,0.133,531.0,0.0,False
852b93a3fffffff,1,0.123,531.0,0.0,False
852ab443fffffff,3,0.111,531.0,0.0,False
852b9d17fffffff,1,0.07,531.0,0.0,False
852ab4cbfffffff,2,0.068,531.0,0.0,False
8527698ffffffff,1,0.068,531.0,0.0,False
852b835bfffffff,1,0.061,531.0,0.0,False
852b9da7fffffff,1,0.06,531.0,0.0,False
852b9e87fffffff,1,0.055,531.0,0.0,False
852b999bfffffff,1,0.037,531.0,0.0,False
852ab0c3fffffff,1,0.032,531.0,0.0,False
852b9e0ffffffff,1,0.028,531.0,0.0,False
852b9d5bfffffff,1,0.018,531.0,0.0,False
852b9cbbfffffff,1,0.014,531.0,0.0,False
852ab6b3fffffff,1,0.013,531.0,0.0,False
852769abfffffff,1,0.01,531.0,0.0,False
